{
  "blogs": [
    {
      "id": 1,
      "title": "First Post",
      "body": "This is First Post"
    },
    {
      "title": "dssdfsd",
      "body": "sdfsdfsdf",
      "id": 2
    },
    {
      "title": "sdfsdfsd",
      "body": "sfsfsd",
      "id": 3
    },
    {
      "title": "dsfsdfsdf",
      "body": "sdfsdfsdf",
      "id": 4
    },
    {
      "title": "sdfsdf",
      "body": "sdfsdfsdfsd",
      "id": 5
    },
    {
      "title": "asdsad",
      "body": "asdasdsa",
      "id": 6
    }
  ]
}